{
    "step_tolerance_preview_table": [3, 3, 5, 10],
    "step_tolerance_video_table": [10, 10, 20, 30],
    "step_tolerance_gain_table": [1, 50, 100, 200],
    "converge_threshold_preview" : 40,
    "converge_threshold_video" : 40,
    "accept_unreliable_cdaf_target_threshold" : 50.0,
    "fallback_cdaf_only_threshold" : 300.0,
    "converge_rate_preview" : 0.9,
    "converge_rate_video" : 0.9,
    "move_step_max_preview" : 100,
    "move_step_max_video" : 60,
    "depth_fast_converge_skip_frame": 0,
    "fine_search_converge_skip_frame": 1,
    "minimum_search_range":0,
    "search_mid_point": 500,
    "dp_v2_enable": true,
    "dp_v2_valid_pd_value": 99.0,
    "dp_v2_conf_table": [ 64, 128, 192, 256, 320, 384, 448, 512, 576, 640, 704, 768, 832, 896, 960, 1024],
    "dp_v2_std_table": [
        20.0, 15.0, 12.0, 9.9945033822710181, 
        7.6122707545820945, 5.5520176443266651, 4.5101469383464554,  3.82992516272386447,
        3.122606644541774, 2.23516132560406934, 1.56583473582868037, 0.83119941649047485,
        0.5271993428416083, 0.3279643023323894, 0.3120507253022549, 0.3061808516252506],
    "step_index_table":[0, 100, 200, 600],
    "step_size_wo_dir_preview":[80, 80, 80, 60],
    "step_size_w_dir_preview":[50, 50, 50, 50],
    "step_size_fine_preview":[15, 15, 15, 15],
    "step_size_wo_dir_video":[40, 40, 40, 40],
    "step_size_w_dir_video":[20, 20, 20, 20],
    "step_size_fine_video":[10, 10, 10, 10]
}