{
    "step_tolerance_preview_table": [2, 2, 4, 6],
    "step_tolerance_video_table": [8, 8, 16, 24],
    "step_tolerance_gain_table": [1, 50, 100, 200],
    "converge_threshold_preview" : 50,
    "converge_threshold_video" : 60,
    "accept_unreliable_cdaf_target_threshold" : 10.0,
    "fallback_cdaf_only_threshold" : 200.0,
    "converge_rate_preview" : 0.9,
    "converge_rate_video" : 0.9,
    "move_step_max_preview" : 60,
    "move_step_max_video" : 30,
    "depth_fast_converge_skip_frame": 0,
    "fine_search_converge_skip_frame": 1,
    "minimum_search_range":0,
    "search_mid_point": 800,
    "dp_v2_enable": true,
    "dp_v2_valid_pd_value": 15.0,
    "dp_v2_conf_table": [ 64, 128, 192, 256, 320, 384, 448, 512, 576, 640, 704, 768, 832, 896, 960, 1024],
    "dp_v2_std_table": [
        110.63359347254978,  100.667409778335982, 100.0554579559215115, 80.347899307010487, 
        30.6122707545820945, 20.5520176443266651, 15.0101469383464554,  13.52992516272386447,
        8.8694113340089177, 6.261587705559629,  3.102906162934575,   3.0163026608449524,
        2.5097959306315625, 2.0953972646361855, 1.66331755405795033, 1.4134401453049269],
    "step_index_table":[0, 300, 500, 600],
    "step_size_wo_dir_preview":[25, 25, 25, 20],
    "step_size_w_dir_preview":[15, 15, 15, 10],
    "step_size_fine_preview":[5, 5, 5, 5],
    "step_size_wo_dir_video":[20, 20, 15, 15],
    "step_size_w_dir_video":[10, 10, 10, 5],
    "step_size_fine_video":[5, 5, 3, 3]
}